Term,Desc
WHOLEFDS,Whole Foods
Points United,Buying wifi on plane
MICROSOFT*XBOX,Xbox
WINE SPIRITS,Liquor store
Microsoft*Java,Minecraft
ACCOMPLICE,Accomplice
CANTEEN VENDING EVERETT,Gas station
690PITTSFORD-VICTOR,Ny gas station
USPSCHANGE,USPS change of address
INSTACART,Instacart
WWUZOES BKSIDE BAGELS,On campus
CHEGGORDER,Chegg
TIKTOK SHOP,Tiktok shop
ATM Withdrawal BANORTE-MXN SUCTODOS,Bank withdrawl mexico
CASCADE HERB,Cascade dispensary
PASSPORTSERVICES,Passport fee
ACH Deposit IRS,Tax refund
SEYMOUR HOSTEL,Canada hostel
FS*solver,Solver
LOCUSBELLINGHAM,Locus
transfer from Ally Invest,Transfer from ally invest
VANGUARD BUY INVESTMENT,Vanguard
WINE & SPIRITS,Liquor store
THEUNDERGROUND,The Underground
ARCO,Arco
Deposit Tim food,Dad esl payment
YUNGANE,Bellingham korean restaurant
HAPPYLEMON,Coffee
THE CABIN,Cabin
ELCAPITANS,Elcapitans
OTHERSIDE,Otherside
"JJ'S","JJ'S"
HAGGEN,Haggen
FRED-MEYER,Fred-Meyer
PEL'MENI,"Pel'Meni"
FIAMMA PIZZA,Fiamma Pizza
THE BURRITO KING,Burrito King
COMCAST CABLE,Comcast
"QQ LI'S","QQ LI'S"
"Q.Q.LI'S","QQ LI'S"
ABBIT FIELDS FARM,Farmers market
SUBWAY,Subway
DUNKIN,Dunkin
DOORDASH,Doordash
JUST POKE,Just Poke
AMAZON,Amazon
WSJ,WSJ
HAMMER,Rent
WALL-ST-JOURNAL, WSJ
HULU,HULU
PAYROLL,Payroll
SHELL,Shell
SHOWTIME,Showtime
MCDONALDS,McDonalds
I WANA MOKA,Coffee
COMMUNITYFOOD CO-OP,Co-Op
INTERNET PAYMENT,Discover payment
AUTOMATIC STATEMENT CREDIT,Discover points payment
PUGET SOUND ENERGY,PUGET SOUND ENERGY
PATREON,Meatbus
WALMART,Walmart
VALUE VILLAGE,Value Village
VALUEVILLAGE,Value Village
BAGELRY,Bagelry
YOU NEED A BUDGET,YNAB
SANITARY SERVICE,Trash
GROCERY OUT,Grocery Outlet
GRUFF,Gruff
JJS,JJ's
CAMBIE GASTOW,Cambie
APPLE,Apple
BEAN STOP,Coffee
FIAMMA BURGER,Fiamma Pizza
SCHWEINHAUS,Scheinhaus
ORION,Orion
RUMORS CABARET,Rumours
EXXONMOBIL,Exxon
UBER,Uber
BEANS LAKEWAY,Coffee
CHEVRON ,Chevron
DOLLARTREE,Dollar Tree
WHATCOM TRANSPORTATION,Whatcom transit
VU CAFE,On campus
VU MARKET ,On campus
SOUND TRANSIT,Sound Transit
MCDONALD'S,McDonalds
PIZZA TIME,Pizza Time
PIZZATIME,Pizza Time
FOODS #118,Winco
INTEREST PAID,Ally interest payment
MILLER MARKET,On campus
DIRECT NYUS,Venmo
WANNA MOKA,Coffee
WWUATRIUM,On campus
WWU REFUND,WWU refund
TRANSFER TO ALLYBANK,Transfer to ally
TROVE,Trove
PYMNTS DCIINTNET - E PAYMENT,Discover payment
DISCOVER E-PAYMENT,Discover payment
ZELLE,Zelle
TIMOTHY HUTKOWS ESL FEDERAL CU P2P,Deposit from esl
MAPLEMARKET,Maple Market
WMTPLUS,Walmart Plus
BELLAIR,Seatac airport shuttle
WEGMANS,Wegmans
STARBUCKS,Starbucks
WOODS COFFEE,Coffee
HARRYS,Razor subscription
STARBUDS,Starbuds
AMEX EPAYMENT,Amex payment
AMERICAN AIRLINES,American Airlines
ECHECK DEPOSIT,Scanned check
INAND OUT,JJ's
IN NOUT,JJ's
SUGARON,Sugar on Magnolia
WENDYS,Wendys
WALTON BEVERAGE,Vending Machine
OCHALICIOUS,Coffee
SKAGIT TRANSIT,Skagit Transit
DAKOTA ART,Dakota Art Store
DEPOSIT INTERNET TRANSFER FROM1379352311 SAV,Transfer from esl savings
WITHDRAWAL INTERNET TRANSFER FROM1379352311 SAV,Transfer from esl checking
INTERNATIONAL SERVICE FEE,International fee
TOPSMARKET,Tops
FRED MEY,Fred-Meyer
MIRANCHO,Mi Rancho
ASIAMARKET BELLINGHAM,Bellingham asian market
WIFIONBOARD,Buying wifi on plane
INITIAL BALANCE,For data purposes
PARAMOUNT+,Paraniunt Plus
BELLINGHAM BAR & G,BBG's
Internet transfer to Spending account,Ally savings to spending
KURUKURU,Kuru Kuru Sushi
WA STATE DOL,WA DMV
REGINO FARMS,Farmers market
RITEAID,RiteAid
